interval_end_utc,load_mw,wind_mw,solar_mw,net_load_mw,net_load_error_mw,houston_dam,houston_rt_hourly,rt_interval_count
2026-09-29T06:00:00Z,,,,,,27.36,23.543,4
2026-09-29T07:00:00Z,,,,,,25.75,22.098,4
2026-09-29T08:00:00Z,,,,,,24.05,21.527,4
2026-09-29T09:00:00Z,,,,,,23.0,21.462,4
2026-09-29T10:00:00Z,,,,,,23.33,22.01,4
2026-09-29T11:00:00Z,,,,,,25.07,24.88,4
2026-09-29T12:00:00Z,,,,,,27.69,30.872,4
2026-09-29T13:00:00Z,,,,,,27.34,35.308,4
2026-09-29T14:00:00Z,,,,,,24.0,25.355,4
2026-09-29T15:00:00Z,,,,,,25.0,22.615,4
2026-09-29T16:00:00Z,,,,,,26.48,22.038,4
2026-09-29T17:00:00Z,,,,,,33.52,39.177,4
2026-09-29T18:00:00Z,,,,,,38.83,42.225,4
2026-09-29T19:00:00Z,,,,,,39.74,41.508,4
2026-09-29T20:00:00Z,,,,,,45.08,37.615,4
2026-09-29T21:00:00Z,,,,,,45.64,27.555,4
2026-09-29T22:00:00Z,,,,,,44.95,38.108,4
2026-09-29T23:00:00Z,,,,,,47.76,35.968,4
2026-09-30T00:00:00Z,,,,,,47.86,48.657,4
2026-09-30T01:00:00Z,,,,,,45.8,60.127,4
2026-09-30T02:00:00Z,,,,,,47.63,56.62,4
2026-09-30T03:00:00Z,,,,,,42.49,36.795,4
2026-09-30T04:00:00Z,,,,,,33.09,27.745,4
2026-09-30T05:00:00Z,,,,,,28.61,25.485,4
2026-09-30T06:00:00Z,,,,,,30.15,23.413,4
2026-09-30T07:00:00Z,,,,,,28.32,22.71,4
2026-09-30T08:00:00Z,,,,,,26.41,24.065,4
2026-09-30T09:00:00Z,,,,,,26.61,22.723,4
2026-09-30T10:00:00Z,,,,,,27.9,21.04,4
2026-09-30T11:00:00Z,,,,,,29.61,24.805,4
2026-09-30T12:00:00Z,,,,,,32.19,33.305,4
2026-09-30T13:00:00Z,,,,,,32.64,30.172,4
2026-09-30T14:00:00Z,,,,,,29.55,21.36,4
2026-09-30T15:00:00Z,,,,,,26.57,20.41,4
2026-09-30T16:00:00Z,,,,,,28.71,32.987,4
2026-09-30T17:00:00Z,,,,,,32.99,51.557,4
2026-09-30T18:00:00Z,,,,,,42.12,53.003,4
2026-09-30T19:00:00Z,,,,,,41.67,62.89,4
2026-09-30T20:00:00Z,,,,,,42.84,55.06,4
2026-09-30T21:00:00Z,,,,,,46.08,54.968,4
2026-09-30T22:00:00Z,,,,,,51.01,92.578,4
2026-09-30T23:00:00Z,,,,,,57.54,50.845,4
2026-10-01T00:00:00Z,,,,,,59.76,44.69,4
2026-10-01T01:00:00Z,,,,,,53.34,46.487,4
2026-10-01T02:00:00Z,,,,,,56.77,40.142,4
2026-10-01T03:00:00Z,,,,,,64.3,40.91,4
2026-10-01T04:00:00Z,,,,,,51.35,45.352,4
2026-10-01T05:00:00Z,,,,,,46.95,39.898,4
2026-10-01T06:00:00Z,,,,,,46.5,38.07,4
2026-10-01T07:00:00Z,,,,,,43.1,44.185,4
2026-10-01T08:00:00Z,,,,,,40.52,46.775,4
2026-10-01T09:00:00Z,,,,,,38.06,48.737,4
2026-10-01T10:00:00Z,,,,,,40.52,50.735,4
2026-10-01T11:00:00Z,,,,,,42.39,55.282,4
2026-10-01T12:00:00Z,,,,,,51.41,50.052,4
2026-10-01T13:00:00Z,,,,,,56.53,48.718,4
2026-10-01T14:00:00Z,,,,,,43.96,40.265,4
2026-10-01T15:00:00Z,,,,,,35.58,41.953,4
2026-10-01T16:00:00Z,,,,,,35.28,49.835,4
2026-10-01T17:00:00Z,,,,,,40.07,50.56,4
2026-10-01T18:00:00Z,,,,,,41.48,48.275,4
2026-10-01T19:00:00Z,,,,,,50.98,34.708,4
2026-10-01T20:00:00Z,,,,,,51.78,30.168,4
2026-10-01T21:00:00Z,,,,,,46.59,30.108,4
2026-10-01T22:00:00Z,,,,,,47.88,32.01,4
2026-10-01T23:00:00Z,,,,,,50.0,34.212,4
2026-10-02T00:00:00Z,,,,,,61.01,40.68,4
2026-10-02T01:00:00Z,,,,,,63.46,42.955,4
2026-10-02T02:00:00Z,,,,,,55.21,47.15,4
2026-10-02T03:00:00Z,,,,,,61.04,45.41,4
2026-10-02T04:00:00Z,,,,,,44.13,69.127,4
2026-10-02T05:00:00Z,,,,,,36.4,55.273,4
2026-10-02T06:00:00Z,,,,,,36.2,43.57,4
2026-10-02T07:00:00Z,,,,,,32.4,45.013,4
2026-10-02T08:00:00Z,,,,,,30.04,34.748,4
2026-10-02T09:00:00Z,,,,,,28.91,32.858,4
2026-10-02T10:00:00Z,,,,,,26.94,37.477,4
2026-10-02T11:00:00Z,,,,,,28.26,34.565,4
2026-10-02T12:00:00Z,,,,,,32.54,35.188,4
2026-10-02T13:00:00Z,,,,,,32.66,38.865,4
2026-10-02T14:00:00Z,,,,,,31.59,39.873,4
2026-10-02T15:00:00Z,,,,,,35.69,42.16,4
2026-10-02T16:00:00Z,,,,,,39.57,45.345,4
2026-10-02T17:00:00Z,,,,,,39.68,44.39,4
2026-10-02T18:00:00Z,,,,,,41.72,52.55,4
2026-10-02T19:00:00Z,,,,,,42.23,43.915,4
2026-10-02T20:00:00Z,,,,,,43.42,48.573,4
2026-10-02T21:00:00Z,,,,,,42.29,53.23,4
2026-10-02T22:00:00Z,,,,,,42.71,47.73,4
2026-10-02T23:00:00Z,,,,,,46.75,39.77,4
2026-10-03T00:00:00Z,,,,,,50.0,40.795,4
2026-10-03T01:00:00Z,,,,,,46.19,41.7,4
2026-10-03T02:00:00Z,,,,,,47.31,42.157,4
2026-10-03T03:00:00Z,,,,,,50.91,43.18,4
2026-10-03T04:00:00Z,,,,,,45.4,44.962,4
2026-10-03T05:00:00Z,,,,,,46.1,46.51,4
2026-10-03T06:00:00Z,,,,,,42.24,49.983,4
2026-10-03T07:00:00Z,,,,,,40.59,51.108,4
2026-10-03T08:00:00Z,,,,,,39.15,45.898,4
2026-10-03T09:00:00Z,,,,,,38.06,44.188,4
2026-10-03T10:00:00Z,,,,,,36.63,42.395,4
2026-10-03T11:00:00Z,,,,,,36.99,46.398,4
2026-10-03T12:00:00Z,,,,,,36.83,45.683,4
2026-10-03T13:00:00Z,,,,,,37.66,45.1,4
2026-10-03T14:00:00Z,,,,,,37.03,47.168,4
2026-10-03T15:00:00Z,,,,,,35.98,51.008,4
2026-10-03T16:00:00Z,,,,,,34.8,56.45,4
2026-10-03T17:00:00Z,,,,,,32.58,52.855,4
2026-10-03T18:00:00Z,,,,,,33.09,49.992,4
2026-10-03T19:00:00Z,,,,,,32.35,55.178,4
2026-10-03T20:00:00Z,,,,,,32.49,57.948,4
2026-10-03T21:00:00Z,,,,,,35.41,46.73,4
2026-10-03T22:00:00Z,,,,,,39.94,42.998,4
2026-10-03T23:00:00Z,,,,,,48.91,50.127,3
2026-10-04T00:00:00Z,,,,,,57.38,56.422,4
2026-10-04T01:00:00Z,,,,,,60.57,53.58,4
2026-10-04T02:00:00Z,,,,,,57.11,54.127,4
2026-10-04T03:00:00Z,,,,,,62.13,45.962,4
2026-10-04T04:00:00Z,,,,,,66.45,47.162,4
2026-10-04T05:00:00Z,,,,,,51.4,48.388,4
2026-10-04T06:00:00Z,,,,,,62.11,40.597,4
2026-10-04T07:00:00Z,,,,,,45.74,44.865,4
2026-10-04T08:00:00Z,,,,,,41.27,43.385,4
2026-10-04T09:00:00Z,,,,,,39.86,39.807,4
2026-10-04T10:00:00Z,,,,,,37.89,34.418,4
2026-10-04T11:00:00Z,,,,,,35.97,34.535,4
2026-10-04T12:00:00Z,,,,,,34.42,33.41,4
2026-10-04T13:00:00Z,,,,,,31.63,35.545,4
2026-10-04T14:00:00Z,,,,,,27.96,28.475,4
2026-10-04T15:00:00Z,,,,,,21.77,30.165,4
2026-10-04T16:00:00Z,,,,,,20.91,29.275,4
2026-10-04T17:00:00Z,,,,,,20.35,27.727,4
2026-10-04T18:00:00Z,,,,,,20.54,33.535,4
2026-10-04T19:00:00Z,,,,,,22.33,30.207,4
2026-10-04T20:00:00Z,,,,,,24.77,26.33,4
2026-10-04T21:00:00Z,,,,,,25.32,27.79,4
2026-10-04T22:00:00Z,,,,,,29.24,31.84,4
2026-10-04T23:00:00Z,,,,,,36.26,38.115,4
2026-10-05T00:00:00Z,,,,,,49.16,51.602,4
2026-10-05T01:00:00Z,,,,,,52.52,47.182,4
2026-10-05T02:00:00Z,,,,,,51.95,43.852,4
2026-10-05T03:00:00Z,,,,,,50.04,46.867,4
2026-10-05T04:00:00Z,,,,,,45.16,43.185,4
2026-10-05T05:00:00Z,,,,,,43.22,40.668,4
2026-10-05T06:00:00Z,51918.97,6734.95,0.21,45183.81,1502.19,47.04,37.915,4
2026-10-05T07:00:00Z,49975.77,6892.96,0.27,43082.54,990.9,43.24,31.947,4
2026-10-05T08:00:00Z,48855.24,7094.36,0.3,41760.58,834.521,39.87,30.01,4
2026-10-05T09:00:00Z,48305.25,7058.61,0.36,41246.28,848.87,39.59,33.185,4
2026-10-05T10:00:00Z,48408.2,7180.9,0.35,41226.95,631.569,38.07,28.035,4
2026-10-05T11:00:00Z,49819.68,7164.06,0.37,42655.25,554.13,41.32,32.797,4
2026-10-05T12:00:00Z,51387.85,6382.89,0.43,45004.53,497.76,42.02,42.992,4
2026-10-05T13:00:00Z,52040.14,6162.9,455.09,45422.15,89.219,46.94,47.485,4
2026-10-05T14:00:00Z,53307.44,5187.97,9296.17,38823.3,872.891,31.45,29.328,4
2026-10-05T15:00:00Z,55199.08,4475.05,21496.92,29227.11,1273.389,26.91,23.398,4
2026-10-05T16:00:00Z,57633.87,4681.32,26339.03,26613.52,1201.32,28.27,22.51,4
2026-10-05T17:00:00Z,60014.74,4791.4,27584.07,27639.27,2445.199,28.79,23.46,4
2026-10-05T18:00:00Z,62450.46,4741.78,27436.6,30272.08,3833.61,29.84,28.848,4
2026-10-05T19:00:00Z,65139.48,4466.72,27409.96,33262.8,5429.11,30.74,44.985,4
2026-10-05T20:00:00Z,67144.39,4186.16,27408.71,35549.52,5343.289,33.77,42.03,4
2026-10-05T21:00:00Z,68859.27,3785.86,26844.14,38229.27,5082.47,35.95,49.752,4
2026-10-05T22:00:00Z,69952.06,3442.27,24377.33,42132.46,6587.999,38.0,58.297,4
2026-10-05T23:00:00Z,68964.07,3278.33,18253.04,47432.7,5931.6,57.92,81.4,4
2026-10-06T00:00:00Z,66320.93,2829.45,6531.78,56959.7,2964.751,88.94,108.66,3
2026-10-06T01:00:00Z,64546.37,2731.27,146.64,61668.46,4172.67,89.96,126.888,4
2026-10-06T02:00:00Z,62616.93,3506.83,0.15,59109.95,4243.43,93.59,235.835,4
2026-10-06T03:00:00Z,59714.02,4556.48,0.3,55157.24,3456.029,87.09,313.47,4
2026-10-06T04:00:00Z,57123.03,5762.29,0.35,51360.39,3664.49,68.63,75.567,4
2026-10-06T05:00:00Z,54818.96,6578.49,0.26,48240.21,4398.68,45.63,52.557,3
2026-10-06T06:00:00Z,51933.3,7181.89,0.28,44751.13,125.03,41.35,42.483,3
2026-10-06T07:00:00Z,49812.93,7562.23,0.27,42250.43,-220.68,36.5,35.83,4
2026-10-06T08:00:00Z,48355.96,7529.86,0.0,40826.1,-206.53,33.7,34.125,4
2026-10-06T09:00:00Z,47397.84,7114.07,0.0,40283.77,-23.6,33.59,34.765,4
2026-10-06T10:00:00Z,47386.56,6680.34,0.31,40705.91,364.449,32.74,30.01,4
2026-10-06T11:00:00Z,48326.73,6607.52,0.41,41718.8,114.16,36.11,35.037,3
2026-10-06T12:00:00Z,50406.61,6169.89,19.0,44217.72,-21.419,40.44,41.2,2
2026-10-06T13:00:00Z,50901.87,5808.87,625.39,44467.61,-560.76,39.49,41.95,4
2026-10-06T14:00:00Z,51719.5,5041.75,12767.0,33910.75,-1412.649,23.31,20.767,4
2026-10-06T15:00:00Z,54037.56,3120.87,29091.0,21825.69,-100.34,19.98,15.695,4
2026-10-06T16:00:00Z,56431.18,3011.45,32460.57,20959.16,84.68,21.29,15.207,4
2026-10-06T17:00:00Z,59460.13,3760.34,32122.74,23577.05,260.271,26.12,13.258,4
2026-10-06T18:00:00Z,62835.24,3818.43,31655.62,27361.19,519.981,28.36,20.767,4
2026-10-06T19:00:00Z,66268.96,3631.21,30836.93,31800.82,1982.521,33.66,29.91,2
2026-10-06T20:00:00Z,69014.46,3787.2,29997.0,35230.26,2962.219,37.14,46.617,3
2026-10-06T21:00:00Z,70963.7,3811.6,29151.0,38001.1,3222.95,38.34,44.617,4
2026-10-06T22:00:00Z,72381.46,3629.4,28419.83,40332.23,3561.609,41.21,44.79,4
2026-10-06T23:00:00Z,72002.42,3306.83,23189.04,45506.55,2898.03,56.64,75.433,4
2026-10-07T00:00:00Z,68694.83,3065.17,7681.6,57948.06,1992.279,87.67,130.005,4
2026-10-07T01:00:00Z,,,,,,86.0,105.833,3
